"Reference","Qty","Value","DNP","Exclude from BOM","Exclude from Board","Footprint","Datasheet"
"C1,C2,C3,C4,C5,C6,C7,C8,C26,C29,C30,C33,C40,C41,C42,C48,C49,C55,C56,C57,C58,C59,C60,C61,C62,C66","26","47nF","","","","Mod:C_Axial_L3.8mm_D2.6mm_P12.70mm_Horizontal","https://www.vishay.com/doc?45164"
"C25","1","22uF","","","","Mod:CP_Axial_L11.0mm_D6.0mm_P20.00mm_Horizontal",""
"C27","1","1uF","","","","Mod:CP_Axial_L11.0mm_D6.0mm_P20.00mm_Horizontal",""
"C28,C34,C47,C50,C65","5","22uF","","","","Mod:CP_Axial_L11.0mm_D6.0mm_P20.32mm_Horizontal","https://www.cde.com/resources/catalogs/TTA.pdf"
"C31,C32","2","100nF","","","","Mod:C_Axial_L3.8mm_D2.6mm_P12.40mm_Horizontal","https://www.vishay.com/doc?45164"
"C35","1","10nF","","","","Mod:C_Axial_L3.8mm_D2.6mm_P12.40mm_Horizontal","https://www.vishay.com/doc?45164"
"C37,C38","2","33pF","","","","Mod:C_Axial_L3.8mm_D2.6mm_P12.70mm_Horizontal","https://www.vishay.com/doc?45164"
"C39","1","10nF","","","","Mod:C_Axial_L3.8mm_D2.6mm_P12.70mm_Horizontal","https://www.vishay.com/doc?45164"
"C43,C68,C69,C70,C71,C75","6","100nF","","","","Mod:C_Axial_L3.8mm_D2.6mm_P12.70mm_Horizontal","https://www.vishay.com/doc?45164"
"C44,C45","2","100uF","","","","Mod:CP_Axial_L11.0mm_D6.0mm_P20.32mm_Horizontal","https://www.cde.com/resources/catalogs/TTA.pdf"
"C46","1","1uF","","","","Mod:CP_Axial_L11.0mm_D6.0mm_P20.32mm_Horizontal","https://www.cde.com/resources/catalogs/TTA.pdf"
"C52,C53","2","150pF","","","","Mod:C_Axial_L3.8mm_D2.6mm_P12.70mm_Horizontal","https://www.vishay.com/doc?45164"
"C54","1","470pF","DNP","","","Mod:C_Axial_L3.8mm_D2.6mm_P12.70mm_Horizontal","https://www.vishay.com/doc?45164"
"C63","1","47pF","","","","Mod:C_Axial_L3.8mm_D2.6mm_P12.70mm_Horizontal","https://www.vishay.com/doc?45164"
"C64,C67","2","100pF","","","","Mod:C_Axial_L3.8mm_D2.6mm_P12.70mm_Horizontal","https://www.vishay.com/doc?45164"
"C72,C73","2","16pF","","","","Mod:C_Axial_L3.8mm_D2.6mm_P12.70mm_Horizontal","https://www.vishay.com/doc?45164"
"C74","1","4.7uF","","","","Mod:CP_Axial_L11.0mm_D6.0mm_P20.32mm_Horizontal","https://www.cde.com/resources/catalogs/TTA.pdf"
"D1,D2,D3,D4,D5,D6,D7,D8,D9,D11,D12","11","1N4148","","","","Mod:D_DO-35_SOD27_P12.70mm_Horizontal",""
"D13","1","1N4148","","","","Mod:D_DO-35_SOD27_P12.40mm_Horizontal",""
"D15","1","BA157","","","","Mod:D_DO-35_SOD27_P12.70mm_Horizontal",""
"D16","1","BZX85C5V1","","","","Mod:D_DO-35_SOD27_P12.70mm_Horizontal",""
"E1","1","Edge_Connector","","","","Mod:Edge Connector",""
"EAR1","1","EAR1","","","","Mod:3.5mm_socket",""
"IC1","1","ULA","","","","Mod:DIP-40_W15.24mm_Socket",""
"IC2","1","Z80","","","","Mod:DIP-40_W15.24mm_Socket",""
"IC3,IC4,IC25,IC26","4","LS157","","","","Mod:DIP-16_W7.62mm_Socket",""
"IC5","1","ROM","","","","Mod:DIP-28_W15.24mm_Socket",""
"IC6,IC7,IC8,IC9,IC10,IC11,IC12,IC13","8","4116","","","","Mod:DIP-16_W7.62mm_Socket",""
"IC14","1","LM1889","","","","Mod:DIP-18_W7.62mm_Socket",""
"IC15,IC16,IC17,IC18,IC19,IC20,IC21,IC22","8","4532","","","","Mod:DIP-16_W7.62mm_Socket",""
"IC23","1","LS32","","","","Mod:DIP-14_W7.62mm_Socket","http://www.ti.com/lit/gpn/sn74ls00"
"IC24","1","LS00","","","","Mod:DIP-14_W7.62mm_Socket","http://www.ti.com/lit/gpn/sn74ls00"
"J7","1","Barrel_Jack_MountingPin","","","","Mod:BarrelJack_Horizontal","~"
"JROM1","1","JROM","","","","Mod:ROM_WireLink",""
"KB1","1","Keyboard5","","","","Mod:Keyboard5",""
"KB2","1","Keyboard8","","","","Mod:Keyboard8",""
"LS1","1","Speaker","","","","Mod:Speaker","~"
"MIC1","1","MIC1","","","","Mod:3.5mm_socket",""
"OKI-H1","1","OKI-H","","","","Mod:Wire_Link_7.62mm",""
"OKI-L1","1","OKI-L","","","","Mod:Wire_Link_7.62mm",""
"OKI1","1","OKI","","","","Mod:Wire_Link_7.62mm",""
"R1,R2,R3,R4,R5,R6,R7,R8,R26,R27,R78","11","470","","","","Mod:R_Yageo_L3.6mm_D1.6mm_P12.70mm_Horizontal",""
"R9,R10,R11,R12,R13,R14,R15,R16","8","8k2","","","","Mod:R_Yageo_L3.6mm_D1.6mm_P12.70mm_Horizontal",""
"R17,R18,R19,R20,R21,R22,R23,R57","8","330","","","","Mod:R_Yageo_L3.6mm_D1.6mm_P12.70mm_Horizontal",""
"R24,R73","2","1k","","","","Mod:R_Yageo_L3.6mm_D1.6mm_P12.70mm_Horizontal",""
"R25","1","180","","","","Mod:R_Yageo_L3.6mm_D1.6mm_P12.70mm_Horizontal",""
"R28,R29,R30,R49,R65,R66,R67,R68,R69,R72,R74,R75","12","10K","","","","Mod:R_Yageo_L3.6mm_D1.6mm_P12.70mm_Horizontal",""
"R31","1","220K","","","","Mod:R_Yageo_L3.6mm_D1.6mm_P12.70mm_Horizontal",""
"R32","1","100","","","","Mod:R_Yageo_L3.6mm_D1.6mm_P12.70mm_Horizontal",""
"R33","1","680","","","","Mod:R_Yageo_L3.6mm_D1.6mm_P12.70mm_Horizontal",""
"R34","1","15","","","","Mod:R_Axial_DIN0516_L15.5mm_D5.0mm_P22.60mm_Horizontal",""
"R35","1","10K","","","","Mod:R_Yageo_L3.6mm_D1.6mm_P12.40mm_Horizontal",""
"R36","1","680","","","","Mod:R_Yageo_L3.6mm_D1.6mm_P12.40mm_Horizontal",""
"R37","1","1K","","","","Mod:R_Yageo_L3.6mm_D1.6mm_P12.40mm_Horizontal",""
"R42,R45,R46,R47,R56,R58,R63,R76,R77","9","1K","","","","Mod:R_Yageo_L3.6mm_D1.6mm_P12.70mm_Horizontal",""
"R43","1","3K","","","","Mod:R_Yageo_L3.6mm_D1.6mm_P12.70mm_Horizontal",""
"R44","1","5K1","","","","Mod:R_Yageo_L3.6mm_D1.6mm_P12.70mm_Horizontal",""
"R48,R51,R52","3","2K2","","","","Mod:R_Yageo_L3.6mm_D1.6mm_P12.70mm_Horizontal",""
"R50","1","4K7","","","","Mod:R_Yageo_L3.6mm_D1.6mm_P12.70mm_Horizontal",""
"R53","1","390R","","","","Mod:R_Yageo_L3.6mm_D1.6mm_P12.70mm_Horizontal",""
"R54","1","100K","","","","Mod:R_Yageo_L3.6mm_D1.6mm_P12.70mm_Horizontal",""
"R55","1","56","","","","Mod:R_Yageo_L3.6mm_D1.6mm_P12.70mm_Horizontal",""
"R59","1","1K8","","","","Mod:R_Yageo_L3.6mm_D1.6mm_P12.70mm_Horizontal",""
"R60","1","270R","","","","Mod:R_Yageo_L3.6mm_D1.6mm_P12.70mm_Horizontal",""
"R61,R62,R64","3","15","","","","Mod:R_Yageo_L3.6mm_D1.6mm_P12.70mm_Horizontal",""
"R70,R71","2","220","","","","Mod:R_Yageo_L3.6mm_D1.6mm_P12.70mm_Horizontal",""
"REG1","1","L7805","","","","Mod:TO-220-3_Horizontal_TabDown",""
"T1","1","Transformer_1P_1S","","","","Mod:Coil",""
"TI-3","1","TI-3","","","","Mod:Wire_Link_7.62mm",""
"TI-4","1","TI-4","","","","Mod:Wire_Link_7.62mm",""
"TI1","1","TI","","","","Mod:Wire_Link_7.62mm",""
"TR1,TR2,TR3,TR6","4","ZTX313","","","","Mod:TO-92Flat",""
"TR4","1","ZTX650","","","","Mod:TO-92Flat",""
"TR5","1","ZTX315","","","","Mod:TO-92Flat",""
"TR7","1","ZTX450","","","","Mod:TO-92Flat",""
"TR8,TR9","2","BC184","","","","Mod:TR9",""
"TV1","1","TV","","","","Mod:Modulator",""
"X1","1","14Mhz","","","","Mod:X1",""
"X2","1","4.43Mhz","","","","Mod:X2",""
